Id_mun_agee,NOM_MUN,tasa_mortalidad_20_1,tasa_mortalidad_20_2,tasa_mortalidad_21_1,tasa_mortalidad_21_2,dens_pobl_norm,mortalidad_norm_20_1,mortalidad_norm_20_2,mortalidad_norm_21_1,mortalidad_norm_21_2,pobreza_norm
1001,Aguascalientes,20.96966,161.22404,105.16444,60.06386,0.04533,0.09573,0.72577,0.31542,0.24147,0.19912
1005,Jesús María,12.31442,103.9029,57.72383,51.56662,0.01415,0.05428,0.46773,0.17313,0.20674,0.22757
2001,Ensenada,55.20418,147.36135,100.94478,110.18303,0.0,0.25968,0.66336,0.30277,0.4463,0.18381
2002,Mexicali,186.70365,147.07675,90.9704,101.73444,0.00334,0.88945,0.66208,0.27285,0.41177,0.16083
2003,Tecate,67.31833,122.64847,52.56363,47.95278,0.00182,0.3177,0.55212,0.15766,0.19197,0.17068
2004,Tijuana,90.81816,81.09136,58.56887,55.86409,0.08804,0.43024,0.36504,0.17567,0.2243,0.19912
2005,Playas de Rosarito,30.73528,67.77524,42.55655,63.04673,0.01396,0.1425,0.3051,0.12764,0.25366,0.28118
3003,La Paz,39.0089,108.8143,149.19193,129.3453,0.00057,0.18212,0.48984,0.44748,0.52462,0.16521
3008,Los Cabos,24.20887,67.78483,118.48105,127.02536,0.00485,0.11124,0.30514,0.35537,0.51513,0.28665
4002,Campeche,119.3565,57.46794,57.1279,153.70124,0.00468,0.56692,0.2587,0.17135,0.62416,0.2954
4003,Carmen,144.26651,52.64321,50.23207,130.20153,0.00117,0.68621,0.23698,0.15066,0.52812,0.32713
5002,Acuña,109.77689,98.12459,74.20672,45.38262,0.00033,0.52104,0.44172,0.22257,0.18147,0.19584
5017,Matamoros,39.71708,167.31876,54.08283,52.39274,0.00787,0.18551,0.7532,0.16221,0.21012,0.24508
5018,Monclova,29.41782,213.48933,108.00543,59.2559,0.01033,0.13619,0.96105,0.32395,0.23817,0.18928
5025,Piedras Negras,27.22215,155.96023,140.08065,54.4443,0.02068,0.12567,0.70207,0.42015,0.2185,0.18709
5027,Ramos Arizpe,6.54434,89.16666,59.71712,40.90214,0.00055,0.02664,0.40139,0.17911,0.16316,0.12363
5030,Saltillo,20.1146,153.53005,89.54973,55.91176,0.00843,0.09163,0.69113,0.26859,0.2245,0.13239
5033,San Pedro,69.27881,172.20732,92.04184,66.30972,0.00033,0.32709,0.77521,0.27606,0.26699,0.39278
5035,Torreón,45.50196,209.05933,59.92942,48.55393,0.03147,0.21322,0.9411,0.17975,0.19443,0.22429
6002,Colima,14.6452,101.24293,84.05074,146.45204,0.0115,0.06544,0.45576,0.2521,0.59453,0.21335
6007,Manzanillo,54.44143,106.26548,49.73015,162.27733,0.00753,0.25603,0.47837,0.14916,0.65921,0.21007
6009,Tecomán,46.42965,83.4014,30.9531,194.31667,0.00655,0.21766,0.37544,0.09284,0.79015,0.35449
6010,Villa de Álvarez,8.68044,86.8044,58.7599,120.1907,0.02909,0.03687,0.39076,0.17624,0.4872,0.15208
7019,Comitán de Domínguez,78.22937,9.02647,27.68116,52.95526,0.00919,0.36995,0.04063,0.08303,0.21242,0.69256
7023,Chamula,0.98071,0.0,0.0,0.98071,0.01633,0.0,0.0,0.0,0.0,0.99344
7027,Chiapa de Corzo,52.64332,9.81486,24.98327,55.3201,0.00719,0.24742,0.04418,0.07493,0.22208,0.60175
7031,Chilón,1.45707,0.0,0.72853,1.45707,0.00417,0.00228,0.0,0.00219,0.00195,1.0
7052,Las Margaritas,14.18168,7.09084,4.96359,15.59985,0.00218,0.06322,0.03192,0.01489,0.05975,0.96937
7059,Ocosingo,11.93211,2.98303,1.70459,4.26147,0.00093,0.05245,0.01343,0.00511,0.01341,0.95186
7065,Palenque,30.99837,9.82875,4.53635,12.09693,0.00213,0.14376,0.04425,0.01361,0.04543,0.7046
7078,San Cristóbal de las Casas,36.13219,8.80143,28.25722,24.55136,0.03068,0.16834,0.03962,0.08475,0.09633,0.66302
7089,Tapachula,110.82651,16.11508,43.53898,96.69047,0.02005,0.52606,0.07254,0.13059,0.39116,0.57987
7101,Tuxtla Gutiérrez,110.73464,21.68346,47.50499,70.01607,0.10207,0.52562,0.09761,0.14248,0.28214,0.4453
7108,Villaflores,18.25884,10.9553,11.86824,44.73415,0.0028,0.08275,0.04932,0.0356,0.17882,0.70022
8017,Cuauhtémoc,14.39343,95.77165,76.94948,48.71622,0.00237,0.06424,0.43113,0.2308,0.19509,0.21007
8019,Chihuahua,20.79614,131.2823,101.52782,45.85816,0.00589,0.0949,0.59098,0.30452,0.18341,0.1116
8021,Delicias,33.22127,189.36122,83.71759,61.12713,0.01558,0.1544,0.85243,0.2511,0.24581,0.17834
8032,Hidalgo del Parral,10.28613,177.43567,66.85982,36.85862,0.00297,0.04456,0.79875,0.20054,0.14663,0.28118
8037,Juárez,84.30031,195.31224,29.5547,27.04222,0.02377,0.39903,0.87922,0.08864,0.10651,0.19912
9002,Azcapotzalco,172.14054,198.51691,333.4066,76.58403,0.72232,0.8197,0.89365,1.0,0.30899,0.2046
9003,Coyoacán,123.20021,176.58154,270.16163,56.63629,0.64651,0.58532,0.7949,0.81031,0.22746,0.23632
9004,Cuajimalpa de Morelos,100.14424,115.76307,157.10703,66.15033,0.17386,0.47491,0.52112,0.47122,0.26634,0.2954
9005,Gustavo A. Madero,172.58263,192.01415,290.19449,94.94175,0.75767,0.82182,0.86437,0.87039,0.38401,0.30963
9006,Iztacalco,209.78762,222.1426,311.34558,98.34567,1.0,1.0,1.0,0.93383,0.39792,0.21554
9007,Iztapalapa,185.9453,163.49893,265.54275,91.25648,0.92311,0.88582,0.73601,0.79645,0.36895,0.42013
9008,La Magdalena Contreras,116.30631,138.92142,218.88201,64.61461,0.22301,0.55231,0.62537,0.6565,0.26007,0.40481
9009,Milpa Alta,153.91165,117.88977,194.51813,98.89642,0.02866,0.7324,0.53069,0.58343,0.40017,0.53829
9010,Álvaro Obregón,133.70446,148.58978,259.76866,73.37279,0.44915,0.63563,0.66889,0.77913,0.29586,0.3523
9011,Tláhuac,144.01766,141.97847,226.34988,84.62631,0.25891,0.68502,0.63913,0.6789,0.34185,0.40372
9012,Tlalpan,100.72465,153.7301,223.16581,81.43695,0.12791,0.47769,0.69203,0.66935,0.32882,0.37418
9013,Xochimilco,147.90424,147.90424,233.16402,76.66596,0.21259,0.70363,0.66581,0.69934,0.30932,0.46718
9014,Benito Juárez,76.70107,134.51479,213.05853,68.6394,0.91382,0.36263,0.60553,0.63904,0.27652,0.02626
9015,Cuauhtémoc,158.82495,181.17402,250.23631,90.31223,0.9401,0.75593,0.81558,0.75054,0.36509,0.16849
9016,Miguel Hidalgo,109.53748,159.23951,220.5226,55.25128,0.51185,0.51989,0.71683,0.66142,0.2218,0.08753
9017,Venustiano Carranza,206.44394,197.87967,295.0165,125.53414,0.74155,0.98399,0.89078,0.88486,0.50904,0.26805
10005,Durango,16.26259,118.48462,67.37361,58.3711,0.01074,0.07319,0.53337,0.20208,0.23455,0.29103
10007,Gómez Palacio,41.85111,204.69484,63.04494,64.11804,0.0247,0.19573,0.92146,0.18909,0.25804,0.25602
10012,Lerdo,28.16677,163.48974,42.86248,58.78283,0.00385,0.1302,0.73597,0.12856,0.23623,0.26258
11002,Acámbaro,15.63981,87.39892,160.998,55.19932,0.00656,0.0702,0.39344,0.48289,0.22159,0.50766
11003,San Miguel de Allende,9.16302,64.7138,140.88137,79.6037,0.00591,0.03919,0.29132,0.42255,0.32133,0.41575
11005,Apaseo el Grande,17.81427,55.98772,102.64415,60.22921,0.01548,0.08062,0.25204,0.30786,0.24214,0.39059
11007,Celaya,31.85147,91.52501,110.13702,60.8248,0.05311,0.14784,0.41201,0.33034,0.24458,0.38293
11014,Dolores Hidalgo Cuna de la Independencia Nacional,20.24068,69.309,69.92235,65.01552,0.00512,0.09224,0.312,0.20972,0.26171,0.52079
11015,Guanajuato,22.10797,78.1491,115.68123,51.41388,0.01043,0.10118,0.3518,0.34697,0.20612,0.30525
11017,Irapuato,40.47538,77.24052,133.23147,38.28297,0.03914,0.18914,0.34771,0.39961,0.15245,0.32823
11020,León,61.99109,86.04387,114.86072,41.94711,0.07961,0.29219,0.38734,0.34451,0.16743,0.44201
11023,Pénjamo,25.81311,58.72483,151.00671,44.52762,0.00517,0.11893,0.26436,0.45292,0.17797,0.49891
11027,Salamanca,32.18527,129.10682,129.10682,43.15752,0.02009,0.14944,0.58119,0.38724,0.17237,0.34573
11030,San Felipe,7.51296,60.93845,67.61664,75.96437,0.00179,0.03128,0.27432,0.20281,0.30645,0.50766
11031,San Francisco del Rincón,32.09267,90.16512,163.5198,34.38501,0.01703,0.149,0.40589,0.49045,0.13652,0.45733
11033,San Luis de la Paz,26.45173,80.13319,102.69496,78.57721,0.00312,0.12198,0.36073,0.30802,0.31713,0.49891
11037,Silao de la Victoria,77.12865,62.39069,104.63951,38.31869,0.021,0.36468,0.28086,0.31385,0.1526,0.41357
11042,Valle de Santiago,15.32782,67.3091,98.63116,37.3199,0.00993,0.06871,0.303,0.29583,0.14852,0.45405
12001,Acapulco de Juárez,126.0958,103.39086,115.83368,177.27813,0.02518,0.59919,0.46543,0.34742,0.72051,0.50985
12028,Chilapa de Álvarez,23.43965,20.20659,23.43965,80.01811,0.0089,0.10756,0.09096,0.0703,0.32302,0.76258
12029,Chilpancingo de los Bravo,62.81895,72.70058,79.40597,83.64096,0.00691,0.29615,0.32727,0.23817,0.33783,0.54705
12035,Iguala de la Independencia,101.18503,105.72539,162.1555,55.78149,0.01488,0.47989,0.47593,0.48636,0.22397,0.53611
12038,Zihuatanejo de Azueta,52.38054,88.88818,63.49156,92.06276,0.00441,0.24616,0.40014,0.19043,0.37225,0.44201
12055,Taxco de Alarcón,55.87862,83.34438,154.37653,51.14314,0.00875,0.26291,0.37518,0.46303,0.20501,0.76039
13028,Huejutla de Reyes,43.38189,54.42456,37.86056,51.26951,0.01782,0.20306,0.245,0.11356,0.20553,0.65536
13048,Pachuca de Soto,51.53803,162.24935,215.05992,55.03752,0.11558,0.24212,0.73038,0.64504,0.22093,0.24836
13051,Mineral de la Reforma,35.51189,107.52211,142.54078,40.4441,0.09977,0.16537,0.48402,0.42753,0.16128,0.14442
13069,Tizayuca,63.57619,90.31384,150.32501,48.72194,0.12381,0.29978,0.40656,0.45088,0.19511,0.3326
13076,Tula de Allende,52.12541,189.389,197.20782,77.31936,0.019,0.24494,0.85256,0.59149,0.31199,0.24398
13077,Tulancingo de Bravo,38.60568,138.38652,163.33173,96.21724,0.04364,0.18019,0.62296,0.48989,0.38922,0.4267
14023,Zapotlán el Grande,28.66051,125.06405,77.29653,146.77656,0.02351,0.13256,0.56299,0.23184,0.59586,0.22867
14039,Guadalajara,52.53932,138.99825,212.03367,98.36688,0.52129,0.24692,0.62572,0.63596,0.39801,0.21116
14053,Lagos de Moreno,19.1412,102.66643,124.70781,75.98476,0.00342,0.08697,0.46216,0.37404,0.30654,0.34683
14063,Ocotlán,18.85903,72.60726,100.8958,133.8991,0.02434,0.08562,0.32685,0.30262,0.54323,0.25055
14067,Puerto Vallarta,65.10439,72.98545,44.54511,151.79602,0.02389,0.3071,0.32855,0.13361,0.61637,0.32713
14070,El Salto,15.88992,49.81705,70.431,75.15503,0.14998,0.0714,0.22426,0.21125,0.30314,0.37746
14093,Tepatitlán de Morelos,9.32153,58.59245,96.54438,123.84313,0.00562,0.03995,0.26376,0.28957,0.50213,0.25602
14097,Tlajomulco de Zúñiga,14.70285,42.04741,64.3078,55.9258,0.0574,0.06572,0.18928,0.19288,0.22456,0.31619
14098,San Pedro Tlaquepaque,31.43524,78.58809,121.08388,74.80422,0.34836,0.14585,0.35377,0.36317,0.30171,0.23961
14101,Tonalá,25.79341,69.83522,90.89107,58.95637,0.19474,0.11883,0.31437,0.27261,0.23694,0.34683
14120,Zapopan,19.43798,71.04683,110.39688,72.40139,0.07171,0.08839,0.31983,0.33112,0.29189,0.23085
15002,Acolman,51.89293,88.04305,120.11172,39.06546,0.11562,0.24382,0.39634,0.36026,0.15565,0.53829
15005,Almoloya de Juárez,42.38574,83.05315,140.90396,29.78458,0.02016,0.19829,0.37387,0.42262,0.11772,0.65427
15013,Atizapán de Zaragoza,96.43404,118.58523,182.55632,54.61413,0.32673,0.45714,0.53382,0.54755,0.2192,0.35886
15014,Atlacomulco,52.11,92.33526,163.64368,98.73473,0.02363,0.24486,0.41566,0.49082,0.39951,0.55689
15020,Coacalco de Berriozábal,93.37386,131.88206,237.18324,80.08342,0.47625,0.44248,0.59368,0.71139,0.32329,0.25274
15024,Cuautitlán,66.53732,82.7523,129.16068,37.46219,0.39065,0.31396,0.37252,0.3874,0.1491,0.31291
15025,Chalco,115.23358,84.98789,179.22446,73.98946,0.10339,0.54717,0.38258,0.53756,0.29838,0.57549
15029,Chicoloapan,87.67123,97.63387,130.51059,54.29639,0.21091,0.41517,0.43951,0.39145,0.2179,0.54814
15031,Chimalhuacán,134.9985,85.2249,125.21395,91.32252,0.91083,0.64183,0.38365,0.37556,0.36922,0.69365
15033,Ecatepec de Morelos,136.38419,140.03083,199.16711,113.16727,0.58792,0.64846,0.63036,0.59737,0.4585,0.41575
15035,Huehuetoca,62.48315,41.65544,101.07569,38.59254,0.07753,0.29454,0.18752,0.30316,0.15372,0.46061
15037,Huixquilucan,73.69326,94.04664,140.36812,31.23191,0.11526,0.34823,0.42336,0.42101,0.12363,0.50109
15039,Ixtapaluca,101.98982,97.56349,146.25303,68.05469,0.09381,0.48374,0.43919,0.43866,0.27413,0.53282
15042,Ixtlahuaca,84.30176,75.55936,125.51596,66.1925,0.02662,0.39903,0.34014,0.37647,0.26652,0.77571
15051,Lerma,98.0467,99.80802,152.64755,27.00688,0.04542,0.46486,0.4493,0.45784,0.10637,0.32057
15054,Metepec,97.3971,178.28622,225.74668,30.53977,0.20516,0.46175,0.80258,0.67709,0.12081,0.30306
15057,Naucalpan de Juárez,144.64895,134.82193,194.86263,68.54946,0.30173,0.68804,0.60692,0.58446,0.27615,0.40591
15058,Nezahualcóyotl,183.43718,174.33959,233.00978,123.28167,0.97175,0.8738,0.78481,0.69888,0.49983,0.44858
15060,Nicolás Romero,78.95941,87.08758,137.48226,49.00128,0.10371,0.37345,0.39203,0.41236,0.19626,0.50219
15070,La Paz,145.35266,91.09205,143.37955,70.37437,0.46683,0.69141,0.41006,0.43004,0.28361,0.62582
15074,San Felipe del Progreso,40.71099,45.54111,104.19254,82.80202,0.02186,0.19027,0.20501,0.31251,0.3344,0.76477
15081,Tecámac,74.88543,93.33282,133.14996,62.64806,0.19781,0.35394,0.42015,0.39936,0.25203,0.37965
15087,Temoaya,50.11062,70.91126,101.16673,45.3832,0.03134,0.23529,0.31922,0.30343,0.18147,0.61816
15088,Tenancingo,66.87238,51.58726,147.11923,62.09578,0.03604,0.31556,0.23223,0.44126,0.24977,0.62582
15095,Tepotzotlán,66.54066,76.18423,124.4021,42.43172,0.03089,0.31397,0.34295,0.37312,0.16941,0.44639
15099,Texcoco,82.50409,103.04004,165.00818,67.73261,0.03589,0.39042,0.46385,0.49492,0.27281,0.55689
15104,Tlalnepantla de Baz,144.45063,159.47587,244.12305,73.63858,0.49591,0.68709,0.7179,0.73221,0.29695,0.34136
15106,Toluca,92.57551,146.60535,189.43387,33.60392,0.11382,0.43866,0.65996,0.56818,0.13333,0.50656
15108,Tultepec,92.61315,89.44147,183.32329,62.16499,0.33151,0.43884,0.40263,0.54985,0.25006,0.41247
15109,Tultitlán,118.13898,123.56175,203.54766,58.68215,0.42502,0.56108,0.55623,0.61051,0.23582,0.40153
15114,Villa Victoria,12.01523,31.42445,45.28818,33.27295,0.01403,0.05285,0.14146,0.13583,0.13198,0.72648
15118,Zinacantepec,90.25271,113.30639,171.67635,26.97771,0.03704,0.42753,0.51006,0.51492,0.10625,0.51422
15120,Zumpango,90.92368,89.14086,127.29315,57.76328,0.07072,0.43075,0.40128,0.3818,0.23207,0.57987
15121,Cuautitlán Izcalli,99.79051,124.10769,195.61822,60.70289,0.28649,0.47321,0.55868,0.58673,0.24408,0.28446
15122,Valle de Chalco Solidaridad,138.87081,85.77315,155.46383,85.77315,0.47344,0.66037,0.38612,0.46629,0.34654,0.66521
15124,San José del Rincón,24.97952,14.98771,82.932,94.92216,0.01119,0.11493,0.06747,0.24874,0.38393,0.78228
16006,Apatzingán,38.83003,43.58472,81.6223,116.49008,0.0039,0.18126,0.1962,0.24481,0.47208,0.39168
16034,Hidalgo,4.77281,35.00064,114.54754,114.54754,0.00578,0.01816,0.15756,0.34357,0.46414,0.66521
16052,Lázaro Cárdenas,81.6314,116.32475,60.71336,139.79378,0.00922,0.38625,0.52365,0.1821,0.56732,0.28009
16053,Morelia,11.30671,86.80259,134.85613,65.24917,0.03986,0.04945,0.39075,0.40448,0.26266,0.23851
16069,La Piedad,20.65922,98.60081,192.50634,50.70899,0.02077,0.09424,0.44386,0.57739,0.20324,0.33042
16088,Tarímbaro,10.47916,46.28295,106.53812,62.87496,0.02496,0.04549,0.20835,0.31954,0.25296,0.30525
16102,Uruapan,27.18717,71.19113,88.5685,68.10805,0.01955,0.12551,0.32047,0.26565,0.27434,0.40044
16108,Zamora,16.5967,55.15962,161.57376,48.32569,0.0343,0.07479,0.24831,0.48461,0.1935,0.42123
16112,Zitácuaro,17.82804,66.85513,175.09678,68.76528,0.01693,0.08068,0.30096,0.52517,0.27703,0.58096
17006,Cuautla,100.47136,80.16332,242.62765,99.93694,0.10921,0.47647,0.36086,0.72772,0.40443,0.5
17007,Cuernavaca,72.39561,81.90744,228.28396,96.4394,0.10713,0.34201,0.36872,0.6847,0.39013,0.34792
17008,Emiliano Zapata,50.4423,47.63995,128.90811,69.12464,0.08904,0.23688,0.21446,0.38664,0.2785,0.47702
17011,Jiutepec,61.75792,65.93703,201.52584,95.65512,0.21819,0.29107,0.29682,0.60444,0.38693,0.407
17018,Temixco,71.15808,44.98499,177.48624,92.42371,0.06702,0.33609,0.20251,0.53234,0.37372,0.61269
17029,Yautepec,39.70505,66.17508,218.37777,82.24617,0.03085,0.18546,0.29789,0.65499,0.33213,0.54486
18017,Tepic,22.30445,77.71339,94.61782,110.34833,0.01434,0.10212,0.34984,0.28379,0.44698,0.17615
18020,Bahía de Banderas,40.50482,35.17524,43.16961,150.82715,0.01336,0.18929,0.15835,0.12948,0.61241,0.26696
19006,Apodaca,33.96987,110.28785,71.29104,65.04546,0.1557,0.15799,0.49647,0.21383,0.26183,0.09519
19009,Cadereyta Jiménez,33.51398,75.20211,85.82849,116.07282,0.00562,0.15581,0.33853,0.25743,0.47037,0.17068
19010,El Carmen,12.44281,30.62846,28.71418,36.37129,0.05777,0.05489,0.13788,0.08612,0.14464,0.25055
19018,García,13.34324,58.40813,41.2885,42.29554,0.02141,0.05921,0.26293,0.12384,0.16885,0.18709
19019,San Pedro Garza García,22.69821,99.87213,90.79285,34.80393,0.10537,0.10401,0.44959,0.27232,0.13823,0.0
19021,General Escobedo,28.26191,103.28067,75.64218,67.95328,0.18073,0.13065,0.46493,0.22688,0.27371,0.21335
19025,General Zuazua,18.60028,43.07433,32.30575,61.67461,0.03109,0.08438,0.1939,0.0969,0.24805,0.20022
19026,Guadalupe,45.09106,172.58992,149.73342,114.74897,0.30943,0.21125,0.77693,0.4491,0.46496,0.11269
19031,Juárez,20.35956,51.74721,51.53513,74.01548,0.10807,0.09281,0.23295,0.15457,0.29849,0.20678
19039,Monterrey,45.49455,180.31591,155.55637,115.13621,0.1995,0.21318,0.81171,0.46657,0.46654,0.14989
19041,Pesquería,20.9993,44.70818,27.09587,52.83694,0.02669,0.09587,0.20126,0.08127,0.21193,0.19694
19046,San Nicolás de los Garza,54.10008,200.87385,181.22315,119.60243,0.39015,0.25439,0.90426,0.54355,0.4848,0.05799
19048,Santa Catarina,24.81049,153.10686,125.35828,47.98872,0.01854,0.11412,0.68923,0.37599,0.19212,0.12035
20043,Juchitán de Zaragoza,53.71137,66.91908,86.29039,245.66347,0.00661,0.25253,0.30124,0.25881,1.0,0.49672
20067,Oaxaca de Juárez,92.26624,97.06409,186.37781,97.80222,0.17263,0.43718,0.43694,0.55901,0.3957,0.31182
20184,San Juan Bautista Tuxtepec,169.9571,40.76462,57.69761,159.92274,0.00986,0.80925,0.18351,0.17305,0.64958,0.52407
20385,Santa Cruz Xoxocotlán,72.70771,79.67969,120.51553,74.69971,0.12927,0.34351,0.35869,0.36147,0.30128,0.46718
21015,Amozoc,67.52677,42.89936,95.33191,56.40472,0.05254,0.3187,0.19312,0.28593,0.22651,0.61926
21019,Atlixco,52.18875,111.43004,244.01769,169.96608,0.02704,0.24524,0.50161,0.73189,0.69063,0.6105
21041,Cuautlancingo,50.93317,70.57882,128.06054,52.3884,0.20517,0.23923,0.31772,0.3841,0.2101,0.3326
21071,Huauchinango,41.36763,63.49451,79.84915,89.46953,0.02307,0.19342,0.28583,0.23949,0.36165,0.68818
21114,Puebla,108.08536,107.6126,216.28892,109.26727,0.17543,0.51294,0.48443,0.64872,0.44256,0.39278
21119,San Andrés Cholula,71.22138,62.15684,108.77447,56.32964,0.14837,0.33639,0.27981,0.32625,0.22621,0.48359
21132,San Martín Texmelucan,108.51558,90.53667,133.55764,76.41038,0.09792,0.515,0.40756,0.40058,0.30828,0.65427
21140,San Pedro Cholula,78.73845,69.34763,154.58742,64.29103,0.10175,0.37239,0.31218,0.46366,0.25874,0.48031
21156,Tehuacán,94.40534,51.02166,113.04199,51.32717,0.03318,0.44742,0.22968,0.33905,0.20576,0.56565
21174,Teziutlán,34.75474,100.40258,98.47176,118.74535,0.06286,0.16175,0.45197,0.29535,0.4813,0.49891
22006,Corregidora,14.58364,89.38358,125.60746,48.92575,0.05096,0.06515,0.40237,0.37674,0.19595,0.14114
22011,El Marqués,21.15096,74.67583,116.11444,47.48174,0.01718,0.0966,0.33616,0.34827,0.19005,0.31182
22014,Querétaro,28.10121,119.07291,152.22281,66.39505,0.08679,0.12988,0.53602,0.45657,0.26734,0.21007
22016,San Juan del Río,17.79694,89.65628,162.18721,56.07715,0.02149,0.08053,0.4036,0.48645,0.22517,0.30416
23004,Othón P. Blanco,84.31487,88.16682,71.04705,99.72266,0.00036,0.3991,0.39689,0.21309,0.40355,0.41904
23005,Benito Juárez,103.89434,68.8972,87.438,79.86809,0.02419,0.49287,0.31015,0.26226,0.32241,0.35449
23008,Solidaridad,49.13122,39.24506,39.24506,56.02157,0.01007,0.2306,0.17667,0.11771,0.22495,0.34792
24013,Ciudad Valles,48.50282,88.08559,57.98039,100.35067,0.00373,0.22759,0.39653,0.1739,0.40612,0.41357
24020,Matehuala,18.59118,91.97742,90.99893,36.20388,0.00399,0.08434,0.41405,0.27294,0.14395,0.34683
24028,San Luis Potosí,29.27927,176.99154,139.81674,42.65781,0.03451,0.13553,0.79675,0.41936,0.17033,0.16193
24035,Soledad de Graciano Sánchez,35.8356,165.62673,149.3652,43.36409,0.06143,0.16692,0.74559,0.448,0.17322,0.18709
25001,Ahome,94.925,82.07964,67.27483,98.84392,0.00606,0.44991,0.36949,0.20178,0.39996,0.24289
25006,Culiacán,81.11367,101.54156,73.64005,110.60955,0.00858,0.38377,0.4571,0.22087,0.44804,0.19147
25011,Guasave,104.71023,81.21091,79.48301,83.28438,0.00513,0.49677,0.36558,0.2384,0.33637,0.32276
25012,Mazatlán,95.92355,94.12872,62.81896,147.57469,0.01078,0.45469,0.42373,0.18842,0.59912,0.16849
25018,Navolato,103.27115,94.55345,70.41215,84.49457,0.00316,0.48988,0.42564,0.21119,0.34131,0.32495
26018,Cajeme,176.40967,72.6258,64.37808,137.92029,0.00462,0.84015,0.32693,0.19309,0.55966,0.25602
26029,Guaymas,124.9498,80.96237,89.88735,103.91233,0.00065,0.5937,0.36446,0.2696,0.42067,0.29431
26030,Hermosillo,113.8569,95.5928,83.41673,68.78409,0.00266,0.54058,0.43032,0.2502,0.27711,0.1849
26042,Navojoa,82.12328,71.78183,68.74023,106.45611,0.00285,0.3886,0.32313,0.20618,0.43107,0.36543
26043,Nogales,110.65707,54.76203,44.94263,32.85722,0.00809,0.52525,0.24652,0.1348,0.13028,0.26258
26055,San Luis Río Colorado,129.1321,145.71327,65.8222,88.93534,0.0008,0.61373,0.65594,0.19742,0.35946,0.39278
27002,Cárdenas,97.85017,37.82444,56.73666,86.33839,0.00627,0.46392,0.17027,0.17017,0.34885,0.55361
27003,Centla,72.40256,46.4119,28.77538,88.1826,0.0018,0.34205,0.20893,0.08631,0.35639,0.78009
27004,Centro,151.84163,81.187,58.51315,74.3117,0.02215,0.72249,0.36547,0.1755,0.2997,0.33151
27005,Comalcalco,87.9573,45.60749,39.09213,66.08432,0.01543,0.41654,0.20531,0.11725,0.26607,0.54048
27006,Cunduacán,66.29899,28.41385,32.78521,70.67035,0.01255,0.31282,0.12791,0.09833,0.28482,0.59956
27008,Huimanguillo,85.39173,29.86091,24.62215,84.34398,0.00352,0.40425,0.13442,0.07385,0.3407,0.61926
27012,Macuspana,133.03825,65.57336,44.76643,102.77363,0.00324,0.63244,0.29519,0.13427,0.41602,0.69803
27013,Nacajuca,113.77246,42.5815,35.92814,72.52162,0.01521,0.54017,0.19169,0.10776,0.29238,0.46718
28003,Altamira,15.19701,88.58742,31.87664,85.25149,0.00876,0.06808,0.39879,0.09561,0.34441,0.40044
28009,Ciudad Madero,36.90521,164.61665,78.66636,82.06553,0.24347,0.17205,0.74104,0.23595,0.33139,0.19584
28021,El Mante,32.03196,137.54899,86.67471,145.08592,0.00321,0.14871,0.61919,0.25997,0.58895,0.37418
28022,Matamoros,38.19336,94.83762,52.95408,56.82877,0.00618,0.17822,0.42692,0.15883,0.22825,0.31838
28027,Nuevo Laredo,34.81878,106.10317,79.98908,57.16867,0.01927,0.16205,0.47764,0.23991,0.22964,0.30744
28032,Reynosa,70.09409,63.28333,62.99954,45.97264,0.01226,0.33099,0.28488,0.18896,0.18388,0.24508
28033,Río Bravo,58.12023,56.61061,58.12023,47.55291,0.00428,0.27365,0.25484,0.17432,0.19034,0.43982
28038,Tampico,35.28676,190.88459,66.20469,77.63088,0.14665,0.1643,0.85929,0.19857,0.31326,0.25492
28041,Victoria,16.01428,106.38054,77.49766,77.49766,0.01311,0.072,0.47888,0.23244,0.31272,0.30525
30028,Boca del Río,123.83258,96.1605,78.86544,106.53753,0.21582,0.58835,0.43288,0.23654,0.4314,0.32385
30039,Coatzacoalcos,158.03127,77.88914,103.95947,127.77681,0.05615,0.75213,0.35063,0.31181,0.51821,0.41575
30044,Córdoba,118.69813,73.75892,53.24319,72.78198,0.07228,0.56376,0.33203,0.15969,0.29345,0.45842
30048,Cosoleacaque,91.67093,53.47471,45.83547,93.19878,0.0264,0.43433,0.24072,0.13748,0.37689,0.52188
30087,Xalapa,56.29121,58.13347,86.9955,50.76443,0.22354,0.26489,0.26169,0.26093,0.20346,0.35886
30102,Martínez de la Torre,96.47011,57.88207,63.39465,142.40826,0.01492,0.45731,0.26056,0.19014,0.578,0.54705
30108,Minatitlán,145.74239,99.464,95.31967,189.94861,0.00341,0.69328,0.44775,0.2859,0.7723,0.42013
30118,Orizaba,81.18069,168.85584,116.08839,113.65297,0.24967,0.38409,0.76012,0.34819,0.46048,0.29212
30124,Papantla,40.02251,51.9042,52.52955,84.42249,0.00577,0.18698,0.23365,0.15755,0.34102,0.70241
30131,Poza Rica de Hidalgo,118.76046,143.5682,130.37259,125.62217,0.16785,0.56406,0.64629,0.39103,0.5094,0.48468
30141,San Andrés Tuxtla,76.34152,29.55156,59.10311,169.92144,0.00918,0.36091,0.13303,0.17727,0.69045,0.80744
30160,Álamo Temapache,34.4924,50.34026,33.56018,97.88384,0.0043,0.16049,0.22661,0.10066,0.39604,0.63348
30189,Tuxpan,71.79819,124.19146,68.56404,106.08021,0.00864,0.33915,0.55906,0.20565,0.42953,0.43545
30193,Veracruz,126.31565,76.57989,65.71049,92.884,0.13931,0.60024,0.34473,0.19709,0.3756,0.3884
31041,Kanasín,47.9079,29.59018,45.08979,64.81658,0.07865,0.22474,0.1332,0.13524,0.26089,0.4256
31050,Mérida,64.11229,90.84249,112.7492,105.21249,0.06361,0.30234,0.40894,0.33817,0.42599,0.22101
32010,Fresnillo,29.5179,146.75802,69.01369,60.28304,0.00221,0.13667,0.66065,0.207,0.24236,0.37856
32017,Guadalupe,8.02871,145.93369,76.03665,26.44753,0.01426,0.03375,0.65694,0.22806,0.10408,0.20131
32056,Zacatecas,24.73146,219.9095,124.32573,41.44191,0.01877,0.11375,0.98995,0.3729,0.16536,0.19584
